id_char,name,height,mass,hair_color,skin_color,eye_color,birth_year,gender,planet,species
1,Luke Skywalker,172,77,blond,fair,blue,19BBY,male,59,Human
2,C-3PO,167,75,,gold,yellow,112BBY,,59,Droid
3,R2-D2,96,32,,"white, blue",red,33BBY,,7,Droid
4,Darth Vader,202,136,none,white,yellow,41.9BBY,male,59,Human
5,Leia Organa,150,49,brown,light,brown,19BBY,female,1,Human
6,Anakin Skywalker,188,84,blond,fair,blue,41.9BBY,male,59,Human
7,Obi-Wan Kenobi,182,77,"auburn, white",fair,blue-gray,57BBY,male,19,Human
8,Beru Whitesun lars,165,75,brown,light,blue,47BBY,female,59,Human
9,R5-D4,97,32,,"white, red",red,,,59,Droid
10,Biggs Darklighter,183,84,black,light,brown,24BBY,male,59,Human
11,Owen Lars,178,120,"brown, grey",light,blue,52BBY,male,59,Human
12,Wilhuff Tarkin,180,,"auburn, grey",fair,blue,64BBY,male,20,Human
13,Chewbacca,228,112,brown,,blue,200BBY,male,13,Wookiee
14,Han Solo,180,80,brown,fair,brown,29BBY,male,21,Human
15,Greedo,173,74,,green,black,44BBY,male,22,Rodian
16,Jabba Desilijic Tiure,175,1358,,"green-tan, brown",orange,600BBY,hermaphrodite,23,Hutt
17,Wedge Antilles,170,77,brown,fair,hazel,21BBY,male,21,Human
18,Jek Tono Porkins,180,110,brown,fair,blue,,male,25,Human
19,Yoda,66,17,white,green,brown,896BBY,male,0,Yoda's species
20,Palpatine,170,75,grey,pale,yellow,82BBY,male,7,Human
21,Boba Fett,183,78,black,fair,brown,31.5BBY,male,9,Human
22,IG-88,200,140,none,metal,red,15BBY,none,0,Droid
23,Bossk,190,113,none,green,red,53BBY,male,27,Trandoshan
24,Lando Calrissian,177,79,black,dark,brown,31BBY,male,28,Human
25,Lobot,175,79,none,light,blue,37BBY,male,5,Human
26,Ackbar,180,83,none,brown mottle,orange,41BBY,male,29,Mon Calamari
27,Mon Mothma,150,,auburn,fair,blue,48BBY,female,30,Human
28,Arvel Crynyd,168,,brown,fair,brown,,male,0,Human
29,Wicket Systri Warrick,88,20,brown,brown,brown,8BBY,male,6,Ewok
30,Nien Nunb,160,68,none,grey,black,,male,31,Sullustan
31,Qui-Gon Jinn,193,89,brown,fair,blue,92BBY,male,0,Human
32,Nute Gunray,191,90,none,mottled green,red,,male,17,Neimodian
33,Finis Valorum,170,,blond,fair,blue,91BBY,male,8,Human
34,Jar Jar Binks,196,66,none,orange,orange,52BBY,male,7,Gungan
35,Roos Tarpals,224,82,none,grey,orange,,male,7,Gungan
36,Rugor Nass,206,,none,green,orange,,male,7,Gungan
37,Ric Olié,183,,brown,fair,blue,,male,7,Human
38,Watto,137,,black,"blue, grey",yellow,,male,32,Toydarian
39,Sebulba,112,40,none,"grey, red",orange,,male,33,Dug
40,Quarsh Panaka,183,,black,dark,brown,62BBY,male,7,Human
41,Shmi Skywalker,163,,black,fair,brown,72BBY,female,59,Human
42,Darth Maul,175,80,none,red,yellow,54BBY,male,34,Zabrak
43,Bib Fortuna,180,,none,pale,pink,,male,35,Twi'lek
44,Ayla Secura,178,55,none,blue,hazel,48BBY,female,35,Twi'lek
45,Dud Bolt,94,45,none,"blue, grey",yellow,,male,37,Vulptereen
46,Gasgano,122,,none,"white, blue",black,,male,38,Xexto
47,Ben Quadinaros,163,65,none,"grey, green, yellow",orange,,male,39,Toong
48,Mace Windu,188,84,none,dark,brown,72BBY,male,40,Human
49,Ki-Adi-Mundi,198,82,white,pale,yellow,92BBY,male,41,Cerean
50,Kit Fisto,196,87,none,green,black,,male,42,Nautolan
51,Eeth Koth,171,,black,brown,brown,,male,43,Zabrak
52,Adi Gallia,184,50,none,dark,blue,,female,8,Tholothian
53,Saesee Tiin,188,,none,pale,orange,,male,45,Iktotchi
54,Yarael Poof,264,,none,white,yellow,,male,46,Quermian
55,Plo Koon,188,80,none,orange,black,22BBY,male,47,Kel Dor
56,Mas Amedda,196,,none,blue,blue,,male,48,Chagrian
57,Gregar Typho,185,85,black,dark,brown,,male,7,Human
58,Cordé,157,,brown,light,brown,,female,7,Human
59,Cliegg Lars,183,,brown,fair,blue,82BBY,male,59,Human
60,Poggle the Lesser,183,80,none,green,yellow,,male,10,Geonosian
61,Luminara Unduli,170,56,black,yellow,blue,58BBY,female,49,Mirialan
62,Barriss Offee,166,50,black,yellow,blue,40BBY,female,49,Mirialan
63,Dormé,165,,brown,light,brown,,female,7,Human
64,Dooku,193,80,white,fair,brown,102BBY,male,50,Human
65,Bail Prestor Organa,191,,black,tan,brown,67BBY,male,1,Human
66,Jango Fett,183,79,black,tan,brown,66BBY,male,51,Human
67,Zam Wesell,168,55,blonde,"fair, green, yellow",yellow,,female,52,Clawdite
68,Dexter Jettster,198,102,none,brown,yellow,,male,53,Besalisk
69,Lama Su,229,88,none,grey,black,,male,9,Kaminoan
70,Taun We,213,,none,grey,black,,female,9,Kaminoan
71,Jocasta Nu,167,,white,fair,blue,,female,8,Human
72,Ratts Tyerell,79,15,none,"grey, blue",,,male,36,Aleena
73,R4-P17,96,,none,"silver, red","red, blue",,female,0,Droid
74,Wat Tambor,193,48,none,"green, grey",,,male,54,Skakoan
75,San Hill,191,,none,grey,gold,,male,55,Muun
76,Shaak Ti,178,57,none,"red, blue, white",black,,female,56,Togruta
77,Grievous,216,159,none,"brown, white","green, yellow",,male,57,Kaleesh
78,Tarfful,234,136,brown,brown,blue,,male,13,Wookiee
79,Raymus Antilles,188,79,brown,light,brown,,male,1,Human
80,Sly Moore,178,48,none,pale,white,,female,58,Umbaran
81,Tion Medon,206,80,none,grey,black,,male,11,Pau'an
82,Finn,178,,black,dark,dark,,male,0,Human
83,Rey,170,,brown,light,hazel,,female,0,Human
84,Poe Dameron,172,,brown,light,brown,,male,0,Human
85,BB8,67,,none,none,black,,none,0,Droid
86,Captain Phasma,200,,,,,,female,0,Human
87,Padmé Amidala,165,45,brown,light,brown,46BBY,female,7,Human
